batch,cell_id,charging_policy,cycle_life,prediction,absolute_error,absolute_percentage_error_%,signed_error_prediction_minus_actual
Batch 2,0,5.2C(58%)-4C,477.0,689.7605575392645,212.76055753926448,44.60389046944748,212.76055753926448
Batch 2,1,5.6C(26%)-4.5C,491.0,622.5385877116782,131.53858771167825,26.78993639749048,131.53858771167825
Batch 2,2,5.2C(50%)-4.25C,424.0,680.1624137168558,256.1624137168558,60.415663612465984,256.1624137168558
Batch 2,3,4.65C(44%)-5C,499.0,692.9502483141289,193.95024831412888,38.86778523329236,193.95024831412888
Batch 2,4,4.65C(69%)-6C,444.0,599.2525346990275,155.25253469902748,34.966787094375555,155.25253469902748
Batch 2,5,3.6C(30%)-6C,416.0,547.1609511629945,131.16095116299448,31.52907479879675,131.16095116299448
Batch 2,6,3.6C(9%)-5C,393.0,704.9572186109334,311.9572186109334,79.37842712746398,311.9572186109334
Batch 2,7,4.8C(80%)-4.8C-newstructure,777.0,954.2258757143464,177.22587571434644,22.8089930134294,177.22587571434644
Batch 2,8,5.2C(58%)-4C-newstructure,904.0,908.3079994026847,4.307999402684686,0.4765486064916688,4.307999402684686
Batch 2,9,5.6C(26%)-4.5C-newstructure,791.0,994.2846232417311,203.28462324173108,25.69969952487119,203.28462324173108
Batch 2,10,4.8C(80%)-4.8C,492.0,676.8412546494176,184.84125464941758,37.56936070110113,184.84125464941758
Batch 2,11,5.2C(50%)-4.25C,449.0,689.0956418447104,240.09564184471037,53.47341689191768,240.09564184471037
Batch 2,12,4.65C(44%)-5C,466.0,576.3239227001352,110.3239227001352,23.67466152363416,110.3239227001352
Batch 2,13,4.65C(69%)-6C,460.0,639.0218492695606,179.02184926956056,38.91779331946969,179.02184926956056
Batch 2,14,3.6C(30%)-6C,426.0,558.7563590964687,132.7563590964687,31.16346457663585,132.7563590964687
Batch 2,15,3.6C(9%)-5C,396.0,700.0588328874776,304.0588328874776,76.78253355744384,304.0588328874776
Batch 2,16,4.8C(80%)-4.8C,472.0,692.4663679397668,220.46636793976677,46.70897625842517,220.46636793976677
Batch 2,17,5.6C(26%)-4.5C,471.0,694.407259778409,223.40725977840896,47.432539231084704,223.40725977840896
Batch 2,18,5.2C(50%)-4.25C,449.0,767.9335693107365,318.9335693107365,71.0319753476028,318.9335693107365
Batch 2,19,6C(60%)-3C,392.0,620.3737956933551,228.37379569335508,58.25862135034568,228.37379569335508
Batch 2,20,5.2C(58%)-4C,489.0,673.4325462215254,184.4325462215254,37.71626712096634,184.4325462215254
Batch 2,21,6C(60%)-3C,408.0,632.7091714321821,224.70917143218207,55.07577731180933,224.70917143218207
Batch 2,24,4.8C(80%)-4.8C,514.0,744.3373953115802,230.33739531158017,44.81272282326463,230.33739531158017
Batch 2,25,5.2C(58%)-4C,493.0,706.533996066283,213.53399606628295,43.31318378626429,213.53399606628295
Batch 2,26,5.6C(26%)-4.5C,450.0,595.5388184477486,145.53881844774855,32.341959655055234,145.53881844774855
Batch 2,27,5.2C(50%)-4.25C,474.0,689.383557376168,215.38355737616803,45.43956906670211,215.38355737616803
Batch 2,28,4.8C(80%)-4.8C,437.0,667.0752408531314,230.0752408531314,52.64879653389735,230.0752408531314
Batch 2,29,5.2C(58%)-4C,452.0,697.215336615254,245.21533661525405,54.2511806670916,245.21533661525405
Batch 2,30,5.6C(26%)-4.5C,412.0,582.5202652027533,170.5202652027533,41.38841388416342,170.5202652027533
Batch 2,31,5.6C(26%)-4.5C,425.0,641.8324339555891,216.83243395558907,51.01939622484449,216.83243395558907
Batch 2,32,4.8C(80%)-4.8C-newstructure,809.0,918.6263633104911,109.62636331049112,13.550848369652794,109.62636331049112
Batch 2,33,5.2C(58%)-4C-newstructure,1140.0,954.2110358595519,185.78896414044812,16.297277556179658,-185.78896414044812
Batch 2,34,5.6C(26%)-4.5C-newstructure,1186.0,1031.2894283869973,154.71057161300268,13.044736223693313,-154.71057161300268
Batch 2,41,5.6C(26%)-4.5C,442.0,577.8862045841573,135.88620458415733,30.743485200035597,135.88620458415733
Batch 2,42,5.2C(50%)-4.25C,474.0,688.0989042406532,214.09890424065316,45.168545198450026,214.09890424065316
Batch 2,43,4.8C(80%)-4.8C-newstructure,1029.0,968.4764328776674,60.523567122332565,5.881784948720366,-60.523567122332565
Batch 2,44,5.2C(58%)-4C-newstructure,841.0,1001.4247799536341,160.42477995363413,19.07547918592558,160.42477995363413
Batch 2,45,5.6C(26%)-4.5C-newstructure,997.0,934.1690237746561,62.830976225343875,6.302003633434691,-62.830976225343875
Batch 2,46,4.8C(80%)-4.8C,503.0,697.438074843466,194.43807484346598,38.65568088339284,194.43807484346598
