feature_set,model,CV_MAPE_%,CV_MAPE_sd,Valid_MAPE_%,Valid_MAE,Valid_RMSE,Valid_R2,CV_Valid_Gap
B_DeltaQ_Crate,GradientBoosting,10.715543141015646,4.662105297902747,6.025264733747189,47.16295513852704,70.48674797139513,0.8610959614920903,4.6902784072684565
D_All,GradientBoosting,10.22868478595089,4.176938630595444,6.875684370129943,56.105141069434765,74.93026920115477,0.8430307763873648,3.3530004158209463
A_DeltaQ,GradientBoosting,9.527864372386226,4.632799059716579,7.016020218803627,56.72523228820236,77.12068996243514,0.8337193409644201,2.511844153582599
C_DeltaQ_Temp,GradientBoosting,9.599897858720366,3.7859078068836594,7.258987006313504,57.911730075320314,78.6351641698103,0.8271244717918016,2.3409108524068625
B_DeltaQ_Crate,RandomForest,10.370241966027313,3.98562817180105,9.725164783062196,84.76803855864878,99.47319726841374,0.7233618453240122,0.6450771829651174
A_DeltaQ,Ridge,8.71928185286341,1.8532493285488623,9.767840251819354,84.49731704500033,97.17711900499465,0.7359853882406586,1.0485583989559437
A_DeltaQ,RandomForest,9.619712144507869,3.9580024684678228,9.82520271992315,86.59977800431871,101.1893229930169,0.7137343062836221,0.20549057541528093
B_DeltaQ_Crate,Ridge,8.232752496026166,1.9829825219691473,9.876608428840344,86.79224302976563,100.85091982465117,0.7156457971482172,1.6438559328141782
D_All,RandomForest,11.02238390428892,4.357249823955391,10.279985089778432,88.56782435392896,101.79527487134409,0.7102955519865766,0.742398814510489
C_DeltaQ_Temp,Ridge,8.682265220490496,1.5815246716976539,10.408289295095798,89.50750189834866,99.54798197526355,0.7229457316234136,1.7260240746053022
D_All,Ridge,8.147717800316341,2.163019385049775,10.795911922726367,94.3309193499356,104.76941652212207,0.6931197247944436,2.6481941224100254
C_DeltaQ_Temp,RandomForest,10.501678741928899,5.205499385855627,10.872878574833923,93.63536879887774,105.69002282877213,0.6877029312989029,0.3711998329050239
B_DeltaQ_Crate,ElasticNet,7.396695392248545,2.338838284436117,12.465914255134424,116.22152552307658,141.1750846146986,0.44279367464281416,5.0692188628858785
A_DeltaQ,ElasticNet,7.120295918683577,2.6731948037983373,12.62883082809941,117.53673914418592,141.8953236983842,0.43709372419206527,5.508534909415833
D_All,ElasticNet,7.63523793489522,2.328060611597136,12.864843288398164,118.62769475701926,139.27156700065908,0.45771842527230766,5.2296053535029445
C_DeltaQ_Temp,ElasticNet,7.133966164592138,2.413165988446379,12.972445730995316,119.73640376232548,140.5683146416002,0.4475731228034753,5.838479566403178
B_DeltaQ_Crate,Linear,7.539809159467676,2.182332780262782,12.996604626108063,122.19448406484108,149.99519149324763,0.3709942753914829,5.456795466640386
A_DeltaQ,Linear,7.200716344387928,2.515013294811208,13.14394626425793,123.4854187610115,151.02927101024048,0.3622915425877362,5.943229919870003
D_All,Linear,7.793268236359063,2.043204916447371,13.293255392834483,123.66994686470616,147.0420896372132,0.39551816271179807,5.49998715647542
C_DeltaQ_Temp,Linear,7.230569743198986,2.236186940596771,13.432541388232838,125.22337140026625,149.2957928166926,0.37684646468387795,6.2019716450338525
A_DeltaQ,Dummy,19.627185157912557,9.145809865469792,16.48776194259127,154.8181818181818,192.92320657806732,-0.040564170553389456,3.139423215321287
B_DeltaQ_Crate,Dummy,19.627185157912557,9.145809865469792,16.48776194259127,154.8181818181818,192.92320657806732,-0.040564170553389456,3.139423215321287
C_DeltaQ_Temp,Dummy,19.627185157912557,9.145809865469792,16.48776194259127,154.8181818181818,192.92320657806732,-0.040564170553389456,3.139423215321287
D_All,Dummy,19.627185157912557,9.145809865469792,16.48776194259127,154.8181818181818,192.92320657806732,-0.040564170553389456,3.139423215321287
